CODE_COMITE;CODE_CAMPAGNE;CODE_OFFRE;OFF_LIBELLE
069;23BFP800;B0751;B0751 - Fid Mai PA S7 - Occasionnels petits contrôle
069;23BFP800;B0V40;B0V40 - B0V40 BF PA Spontanés Comités 2023
069;23BFP800;B0V42;B0V42 - B0V42 BF PA INTERNET 2023
069;23BFP800;B0V44;B0V44 - B0V44 BF Brochure tout en un PA
069;23BFP800;B0V47;B0V47 - B0V47 BF Mission hybride Street/SP CD69 2023 CAE
069;23BFP800;B0V65;B0V65 - Mission sites privés CD69
069;23BFP800;D0N19;D0N19 - D0N19 BF Janvier S1 - Nouveaux
069;23BFP800;D0N20;D0N20 - D0N20 BF Janvier S3 - Généreux
069;23BFP800;D0N21;D0N21 - D0N21 BF Janvier S4 - Fréquents moyens
069;23BFP800;D0N22;D0N22 - D0N22 BF Janvier S5 - Occasionnels moyens
069;23BFP800;D0N23;D0N23 - D0N23 BF Janvier S6 - Annuels moyens
069;23BFP800;D0N24;D0N24 - D0N24 BF Janvier S7 - Occasionnels petits
069;23BFP800;D0N25;D0N25 - D0N25 BF Janvier S8 - Annuels petits
069;23BFP800;D0N26;D0N26 - D0N26 BF Janvier Divers
069;23BFP800;D0N27;D0N27 - D0N27 BF Février S1 PA - Nouveaux
069;23BFP800;D0N28;D0N28 - D0N28 BF Février S2 PA - Inactifs 36-48 mois
069;23BFP800;D0N29;D0N29 - D0N29 BF Février S3 PA - Généreux
069;23BFP800;D0N30;D0N30 - D0N30 BF Février S4 PA - Fréquents moyens
069;23BFP800;D0N31;D0N31 - D0N31 BF Février S5 PA - Occasionnels moyens
069;23BFP800;D0N32;D0N32 - D0N32 BF Février S6 PA - Annuels moyens
069;23BFP800;D0N33;D0N33 - D0N33 BF Février S7 PA - Occasionnels petits
069;23BFP800;D0N34;D0N34 - D0N34 BF Février S8 PA - Annuels petits
069;23BFP800;D0N35;D0N35 - D0N35 BF Février S10 PA - Inactifs 48-60 mois
069;23BFP800;D0N36;D0N36 - D0N36 BF Février PA Divers
069;23BFP800;D0N37;D0N37 - D0N37 BF Mars S1 - Nouveaux
069;23BFP800;D0N38;D0N38 - D0N38 BF Mars S3 - Généreux
069;23BFP800;D0N39;D0N39 - D0N39 BF Mars S4 - Fréquents moyens
069;23BFP800;D0N40;D0N40 - D0N40 BF Mars S5 - Occasionnels moyens
069;23BFP800;D0N41;D0N41 - D0N41 BF Mars S6 - Annuels moyens
069;23BFP800;D0N42;D0N42 - D0N42 BF Mars S7 - Occasionnels petits
069;23BFP800;D0N43;D0N43 - D0N43 BF Mars S8 - Annuels petits
069;23BFP800;D0N44;D0N44 - D0N44 BF Mars S1 - Nouveaux test
069;23BFP800;D0N45;D0N45 - D0N45 BF Mars S3 - Généreux test
069;23BFP800;D0N46;D0N46 - D0N46 BF Mars S4 - Fréquents moyens test
069;23BFP800;D0N47;D0N47 - D0N47 BF Mars S5 - Occasionnels moyens test
069;23BFP800;D0N48;D0N48 - D0N48 BF Mars S6 - Annuels moyens test
069;23BFP800;D0N49;D0N49 - D0N49 BF Mars S7 - Occasionnels petits test
069;23BFP800;D0N50;D0N50 - D0N50 BF Mars S8 - Annuels petits test
069;23BFP800;D0N51;D0N51 - D0N51 BF Mars S1 - Nouveaux contrôle
069;23BFP800;D0N52;D0N52 - D0N52 BF Mars S3 - Généreux contrôle
069;23BFP800;D0N53;D0N53 - D0N53 BF Mars S4 - Fréquents moyens contrôle
069;23BFP800;D0N54;D0N54 - D0N54 BF Mars S5 - Occasionnels moyens contrôle
069;23BFP800;D0N55;D0N55 - D0N55 BF Mars S6 - Annuels moyens contrôle
069;23BFP800;D0N56;D0N56 - D0N56 BF Mars S7 - Occasionnels petits contrôle
069;23BFP800;D0N57;D0N57 - D0N57 BF Mars S8 - Annuels petits contrôle
069;23BFP800;D0N58;D0N58 - D0N58 BF Mars Divers
069;23BFP800;D0N59;D0N59 - D0N59 BF Avril PA S1 - Nouveaux
069;23BFP800;D0N60;D0N60 - D0N60 BF Avril PA S3 - Généreux
069;23BFP800;D0N61;D0N61 - D0N61 BF Avril PA S4 - Fréquents moyens
069;23BFP800;D0N62;D0N62 - D0N62 BF Avril PA S5 - Occasionnels moyens
069;23BFP800;D0N63;D0N63 - D0N63 BF Avril PA S6 - Annuels moyens
069;23BFP800;D0N64;D0N64 - D0N64 BF Avril PA S7 - Occasionnels petits
069;23BFP800;D0N65;D0N65 - D0N65 BF Avril  PA S8 - Annuels petits
069;23BFP800;D0N66;D0N66 - D0N66 BF Avril PA Divers
069;23BFP800;D0N67;D0N67 - D0N67 BF Fid Mai PA S1 - Nouveaux
069;23BFP800;D0N68;D0N68 - D0N68 BF Fid Mai PA S2 - Inactifs 36-48 mois
069;23BFP800;D0N69;D0N69 - D0N69 BF Fid Mai PA S3 - Généreux
069;23BFP800;D0N70;D0N70 - D0N70 BF Fid Mai PA S4 - Fréquents moyens
069;23BFP800;D0N71;D0N71 - D0N71 BF Fid Mai PA S5 - Occasionnels moyens
069;23BFP800;D0N72;D0N72 - D0N72 BF Fid Mai PA S6 - Annuels moyens
069;23BFP800;D0N73;D0N73 - D0N73 BF Fid Mai PA S7 - Occasionnels petits
069;23BFP800;D0N74;D0N74 - D0N74 BF Fid Mai PA S8 - Annuels petits
069;23BFP800;D0N75;D0N75 - D0N75 BF Fid Mai PA Divers
069;23BFP800;D0N76;D0N76 - Juin S1 - Nouveaux
069;23BFP800;D0N77;D0N77 - Juin S3 - Généreux
069;23BFP800;D0N78;D0N78 - Juin S4 - Fréquents moyens
069;23BFP800;D0N79;D0N79 - Juin S5 - Occasionnels moyens
069;23BFP800;D0N80;D0N80 - Juin S6 - Annuels moyens
069;23BFP800;D0N81;D0N81 - Juin S7 - Occasionnels petits
069;23BFP800;D0N82;D0N82 - Juin S8 - Annuels petits
069;23BFP800;D0N83;D0N83 - Juin S1 - Nouveaux test
069;23BFP800;D0N84;D0N84 - Juin S3 - Généreux test
069;23BFP800;D0N85;D0N85 - Juin S4 - Fréquents moyens test
069;23BFP800;D0N86;D0N86 - Juin S5 - Occasionnels moyens test
069;23BFP800;D0N87;D0N87 - Juin S6 - Annuels moyens test
069;23BFP800;D0N88;D0N88 - Juin S7 - Occasionnels petits test
069;23BFP800;D0N89;D0N89 - Juin S8 - Annuels petits test
069;23BFP800;D0N90;D0N90 - Juin S1 - Nouveaux contrôle
069;23BFP800;D0N91;D0N91 - Juin S3 - Généreux contrôle
069;23BFP800;D0N92;D0N92 - Juin S4 - Fréquents moyens contrôle
069;23BFP800;D0N93;D0N93 - Juin S5 - Occasionnels moyens contrôle
069;23BFP800;D0N94;D0N94 - Juin S6 - Annuels moyens contrôle
069;23BFP800;D0N95;D0N95 - Juin S7 - Occasionnels petits contrôle
069;23BFP800;D0N96;D0N96 - Juin S8 - Annuels petits contrôle
069;23BFP800;D0N97;D0N97 - Juin Divers
069;23BFP800;D0N98;D0N98 - Juillet S1 - Nouveaux
069;23BFP800;D0N99;D0N99 - Juillet S2 - Inactifs 36-48 mois
069;23BFP800;D0O01;D0O01 - Juillet S3 - Généreux
069;23BFP800;D0O02;D0O02 - JuilletS4 - Fréquents moyens
069;23BFP800;D0O03;D0O03 - Juillet S5 - Occasionnels moyens
069;23BFP800;D0O04;D0O04 - Juillet S6 - Annuels moyens
069;23BFP800;D0O05;D0O05 - Juillet S7 - Occasionnels petits
069;23BFP800;D0O06;D0O06 - Juillet S8 - Annuels petits
069;23BFP800;D0O07;D0O07 - Juillet Divers
069;23BFP800;D0O08;D0O08 - Juillet S1 - Nouveaux test
069;23BFP800;D0O09;D0O09 - Juillet S2 - Inactifs 36-48 mois test
069;23BFP800;D0O10;D0O10 - Juillet S3 - Généreux test
069;23BFP800;D0O11;D0O11 - Juillet S4 - Fréquents moyens test
069;23BFP800;D0O12;D0O12 - Juillet S5 - Occasionnels moyens test
069;23BFP800;D0O13;D0O13 - Juillet S6 - Annuels moyens test
069;23BFP800;D0O14;D0O14 - Juillet S7 - Occasionnels petits test
069;23BFP800;D0O15;D0O15 - Juillet S8 - Annuels petits test
069;23BFP800;D0O16;D0O16 - Juillet S1 - Nouveaux contrôle
069;23BFP800;D0O17;D0O17 - Juillet S2 - Inactifs 36-48 mois contrôle
069;23BFP800;D0O18;D0O18 - Juillet S3 - Généreux contrôle
069;23BFP800;D0O19;D0O19 - Juillet S4 - Fréquents moyens contrôle
069;23BFP800;D0O20;D0O20 - Juillet S5 - Occasionnels moyens contrôle
069;23BFP800;D0O21;D0O21 - Juillet S6 - Annuels moyens contrôle
069;23BFP800;D0O22;D0O22 - Juillet S7 - Occasionnels petits contrôle
069;23BFP800;D0O23;D0O23 - Juillet S8 - Annuels petits contrôle
069;23BFP800;D0O24;D0O24 - Septembre S1 - Nouveaux
069;23BFP800;D0O25;D0O25 - Septembre S2 - Inactifs 36-48 mois
069;23BFP800;D0O26;D0O26 - Septembre S3 - Généreux
069;23BFP800;D0O27;D0O27 - Septembre S4 - Fréquents moyens
069;23BFP800;D0O28;D0O28 - Septembre S5 - Occasionnels moyens
069;23BFP800;D0O29;D0O29 - Septembre S6 - Annuels moyens
069;23BFP800;D0O30;D0O30 - Septembre S7 - Occasionnels petits
069;23BFP800;D0O31;D0O31 - Septembre S8 - Annuels petits
069;23BFP800;D0O32;D0O32 - Septembre S10 - Inactifs 48-60 mois (scorés)
069;23BFP800;D0O33;D0O33 - Septembre Digital Scoring FID Septembre
069;23BFP800;D0O34;D0O34 - Septembre Facebook Scoring FID Septembre
069;23BFP800;D0O35;D0O35 - Septembre Divers
069;23BFP800;D0O50;D0O50 - PA Octobre S1 - Nouveaux
069;23BFP800;D0O51;D0O51 - PA Octobre S2 - Inactifs 36-48 mois
069;23BFP800;D0O52;D0O52 - PA Octobre S3 - Généreux
069;23BFP800;D0O53;D0O53 - PA Octobre S4 - Fréquents moyens
069;23BFP800;D0O54;D0O54 - PA Octobre S5 - Occasionnels moyens
069;23BFP800;D0O55;D0O55 - PA Octobre S6 - Annuels moyens
069;23BFP800;D0O56;D0O56 - PA Octobre S7 - Occasionnels petits
069;23BFP800;D0O57;D0O57 - PA Octobre S8 - Annuels petits
069;23BFP800;D0O58;D0O58 - PA Octobre S10 - Inactifs 48-60 mois
069;23BFP800;D0O77;D0O77 - PA Octobre Divers
069;23BFP800;D0O79;D0O79 - PA Novembre S1 - Nouveaux
069;23BFP800;D0O80;D0O80 - PA Novembre S2 - Inactifs 36-48 mois
069;23BFP800;D0O81;D0O81 - PA Novembre S3 - Généreux
069;23BFP800;D0O82;D0O82 - PA Novembre S4 - Fréquents moyens
069;23BFP800;D0O83;D0O83 - PA Novembre S5 - Occasionnels moyens
069;23BFP800;D0O84;D0O84 - PA Novembre S6 - Annuels moyens
069;23BFP800;D0O85;D0O85 - PA Novembre S7 - Occasionnels petits
069;23BFP800;D0O86;D0O86 - PA Novembre S8 - Annuels petits
069;23BFP800;D0O87;D0O87 - PA Novembre S10 - Inactifs 48-60 mois
069;23BFP800;D0O95;D0O95 - PA Novembre divers
069;23BFP800;D0O97;D0O97 - PA Décembre S1 - Nouveaux
069;23BFP800;D0O98;D0O98 - PA Décembre S2 - Inactifs 36-48 mois
069;23BFP800;D0O99;D0O99 - PA Décembre S3 - Généreux
069;23BFP800;D0P01;D0P01 - PA Décembre S4 - Fréquents moyens
069;23BFP800;D0P02;D0P02 - PA Décembre S5 - Occasionnels moyens
069;23BFP800;D0P03;D0P03 - PA Décembre S6 - Annuels moyens
069;23BFP800;D0P04;D0P04 - PA Décembre S7 - Occasionnels petits
069;23BFP800;D0P05;D0P05 - PA Décembre S8 - Annuels petits
069;23BFP800;D0P06;D0P06 - PA Décembre S10 - Inactifs 48-60 mois
069;23BFP800;D0P07;D0P07 - PA Décembre divers
069;23BFP800;D0P31;D0P31 - INACTIFS 5-6 ANS
069;23BFP800;D0P32;D0P32 - INACTIFS 5-6 ANS - CD92
069;23BFP800;D0P33;D0P33 - TELERAMA
069;23BFP800;D0P34;D0P34 - GOLF SENSATION
069;23BFP800;D0P35;D0P35 - ABC DIET
069;23BFP800;D0P36;D0P36 - CHALLENGE
069;23BFP800;D0P37;D0P37 - LE CYCLE
069;23BFP800;D0P38;D0P38 - NARBONNE ACCESSOIRES
069;23BFP800;D0P39;D0P39 - COURRIER INTERNATIONAL
069;23BFP800;D0P40;D0P40 - SANTE NATURELLE
069;23BFP800;D0P41;D0P41 - CHAMPAGNE BOIZEL
069;23BFP800;D0P42;D0P42 - LA VIE
069;23BFP800;D0P43;D0P43 - PSYCHOLOGIES MAGAZINE
069;23BFP800;D0P44;D0P44 - MODE ET TRAVAUX
069;23BFP800;D0P45;D0P45 - ACCORDEO SENIORS STABLES-SANTE
069;23BFP800;D0P46;D0P46 - VIEILLEES DES CHAUMIERES
069;23BFP800;D0P47;D0P47 - SENIORS MULTI DONATEURS
069;23BFP800;D0P48;D0P48 - ID HOMMES
069;23BFP800;D0P49;D0P49 - ASSOCIATION PR LA RECH SCLEROSE EN PLAQUES - ARSEP
069;23BFP800;D0P50;D0P50 - ACGA PCAC
069;23BFP800;D0P51;D0P51 - PREVENTION ROUTIERE (APR)
069;23BFP800;D0P52;D0P52 - CONTRIBUABLES ASSOCIES
069;23BFP800;D0P53;D0P53 - ACTION CONTRE LA FAIM - ACF
069;23BFP800;D0P54;D0P54 - ACGA EST  WOIPPY
069;23BFP800;D0P55;D0P55 - ORPHEOPOLIS
069;23BFP800;D0P56;D0P56 - ACGA NORD
069;23BFP800;D0P57;D0P57 - ACGA OUEST ANGERS
069;23BFP800;D0P58;D0P58 - FEDERATION FRANCAISE DE CARDIOLOGIE - FFC
069;23BFP800;D0P59;D0P59 - SOCIETE D EDITION ARTISTES PEIGNANT DE LA BOUCHE ET DU PIED
069;23BFP800;D0P60;D0P60 - FONDATION APPRENTIS D'AUTEUIL - FAO
069;23BFP800;D0P61;D0P61 - APF - ASS. DES PARALYSES DE FRANCE
069;23BFP800;D0P62;D0P62 - GENEREUX UNADEV
069;23BFP800;D0P63;D0P63 - FONDATION JEROME LEJEUNE
069;23BFP800;D0P64;D0P64 - FONDATION VAINCRE ALZHEIMER EX LECMA
069;23BFP800;D0P65;D0P65 - FEDERATION DES AVEUGLES DE FRANCE-FAF
069;23BFP800;D0P66;D0P66 - ORDRE DE MALTE
069;23BFP800;D0P67;D0P67 - INSTITUT CERVEAU MOELLE EPINIERE ICM
069;23BFP800;D0P68;D0P68 - VAINCRE LA MUCOVISCIDOSE VLM
069;23BFP800;D0P69;D0P69 - UNICEF FRANCE
069;23BFP800;D0P70;D0P70 - VITALYS ALPES
069;23BFP800;D0P71;D0P71 - SANTE NATURE VITAL (EX SNLV SANTE NATURE ET LONGUE VIE)
069;23BFP800;D0P72;D0P72 - LA POINTE DE PENMARC'H
069;23BFP800;D0P73;D0P73 - FAMILLE MARY
069;23BFP800;D0P74;D0P74 - PELERIN MAGAZINE
069;23BFP800;D0P75;D0P75 - PAUL ET MARIE DECAYZAC
069;23BFP800;D0P76;D0P76 - LABORATOIRE DOCTEUR PIERRE RICAUD
069;23BFP800;D0P77;D0P77 - LINVOSGES
069;23BFP800;D0P78;D0P78 - CONEX + VAD
069;23BFP800;D0P79;D0P79 - DAMART
069;23BFP800;D0P80;D0P80 - SEDAGYL
069;23BFP800;D0P81;D0P81 - FEDERATION FRANCAISE DE LA RANDONNEE (FFRP)
069;23BFP800;D0P82;D0P82 - FRANCOISE SAGET
069;23BFP800;D0P83;D0P83 - NOTRE TEMPS
069;23BFP800;D0P84;D0P84 - DOMAINE APICOLE DE CHEZELLES
069;23BFP800;D0P85;D0P85 - TEMPS L
069;23BFP800;D0P86;D0P86 - TRADITIONS DU PERIGORD
069;23BFP800;D0P87;D0P87 - TELE 7 JEUX
069;23BFP800;D0P88;D0P88 - TELE 7 JOURS
069;23BFP800;D0P89;D0P89 - NATURAVIGNON
069;23BFP800;D0P90;D0P90 - AFIBEL
069;23BFP800;D0P91;D0P91 - BLANCHE PORTE
069;23BFP800;D0P92;D0P92 - TANDEM
069;23BFP800;D0P93;D0P93 - PROFILIA SCORE SPECIFIQUE SPECIAL CARITATIF
069;23BFP800;D0P94;D0P94 - ATLAS FOR MEN
069;23BFP800;D0P95;D0P95 - LE PARTICULIER
069;23BFP800;D0P96;D0P96 - LE POINT
069;23BFP800;D0P97;D0P97 - TOP SANTE
069;23BFP800;D0P98;D0P98 - L'OBS
069;23BFP800;D0P99;D0P99 - MYLIST
069;23BFP800;D0Q01;D0Q01 - FOIES GRAS CHAMPION
069;23BFP800;D0Q02;D0Q02 - SANTINNOV
069;23BFP800;D0Q03;D0Q03 - CHASSE MAREE
069;23BFP800;D0Q04;D0Q04 - GROUPE MARIE CLAIRE
069;23BFP800;D0Q05;D0Q05 - TELE STAR
069;23BFP800;D0Q06;D0Q06 - L'HOMME MODERNE
069;23BFP800;D0Q07;D0Q07 - MAGNIFICAT
069;23BFP800;D0Q08;D0Q08 - PLEINE VIE
069;23BFP800;D0Q09;D0Q09 - YVES ROCHER VPC
069;23BFP800;D0Q10;D0Q10 - YVES ROCHER MAGASINS
069;23BFP800;D0Q11;D0Q11 - PRISMA POLE FEMININ
069;23BFP800;D0Q12;D0Q12 - CONEX + PRESSE
069;23BFP800;D0Q13;D0Q13 - PRISMA POLE TELE
069;23BFP800;D0Q14;D0Q14 - WITT INTERNATIONAL
069;23BFP800;D0Q15;D0Q15 - DAXON MOVITEX
069;23BFP800;D0Q16;D0Q16 - CAPITAL
069;23BFP800;D0Q17;D0Q17 - LE CHASSEUR FRANCAIS
069;23BFP800;D0Q18;D0Q18 - L'AMI DES JARDINS ET DE LA MAISON
069;23BFP800;D0Q19;D0Q19 - RUSTICA
069;23BFP800;D0Q20;D0Q20 - PARIS MATCH
069;23BFP800;D0Q21;D0Q21 - ISIDORE PENVEN
069;23BFP800;D0Q22;D0Q22 - WILLEMSE
069;23BFP800;D0Q23;D0Q23 - FEMME ACTUELLE
069;23BFP800;D0Q24;D0Q24 - MISSEGLE
069;23BFP800;D0Q25;D0Q25 - INACTIFS 5-6 ANS
069;23BFP800;D0Q26;D0Q26 - INACTIFS 5-6 ANS - CD92
069;23BFP800;D0Q27;D0Q27 - TELERAMA
069;23BFP800;D0Q28;D0Q28 - GOLF SENSATION
069;23BFP800;D0Q29;D0Q29 - ABC DIET
069;23BFP800;D0Q30;D0Q30 - CHALLENGE
069;23BFP800;D0Q31;D0Q31 - LE CYCLE
069;23BFP800;D0Q32;D0Q32 - NARBONNE ACCESSOIRES
069;23BFP800;D0Q33;D0Q33 - COURRIER INTERNATIONAL
069;23BFP800;D0Q34;D0Q34 - SANTE NATURELLE
069;23BFP800;D0Q35;D0Q35 - CHAMPAGNE BOIZEL
069;23BFP800;D0Q36;D0Q36 - LA VIE
069;23BFP800;D0Q37;D0Q37 - PSYCHOLOGIES MAGAZINE
069;23BFP800;D0Q38;D0Q38 - MODE ET TRAVAUX
069;23BFP800;D0Q39;D0Q39 - ACCORDEO SENIORS STABLES-SANTE
069;23BFP800;D0Q40;D0Q40 - VIEILLEES DES CHAUMIERES
069;23BFP800;D0Q41;D0Q41 - SENIORS MULTI DONATEURS
069;23BFP800;D0Q42;D0Q42 - ID HOMMES
069;23BFP800;D0Q43;D0Q43 - ASSOCIATION PR LA RECH SCLEROSE EN PLAQUES - ARSEP
069;23BFP800;D0Q44;D0Q44 - ACGA PCAC
069;23BFP800;D0Q45;D0Q45 - PREVENTION ROUTIERE (APR)
069;23BFP800;D0Q46;D0Q46 - CONTRIBUABLES ASSOCIES
069;23BFP800;D0Q47;D0Q47 - ACTION CONTRE LA FAIM - ACF
069;23BFP800;D0Q48;D0Q48 - ACGA EST  WOIPPY
069;23BFP800;D0Q49;D0Q49 - ORPHEOPOLIS
069;23BFP800;D0Q50;D0Q50 - ACGA NORD
069;23BFP800;D0Q51;D0Q51 - ACGA OUEST ANGERS
069;23BFP800;D0Q52;D0Q52 - FEDERATION FRANCAISE DE CARDIOLOGIE - FFC
069;23BFP800;D0Q53;D0Q53 - SOCIETE D EDITION ARTISTES PEIGNANT DE LA BOUCHE ET DU PIED
069;23BFP800;D0Q54;D0Q54 - FONDATION APPRENTIS D'AUTEUIL - FAO
069;23BFP800;D0Q55;D0Q55 - APF - ASS. DES PARALYSES DE FRANCE
069;23BFP800;D0Q56;D0Q56 - GENEREUX UNADEV
069;23BFP800;D0Q57;D0Q57 - FONDATION JEROME LEJEUNE
069;23BFP800;D0Q58;D0Q58 - FONDATION VAINCRE ALZHEIMER EX LECMA
069;23BFP800;D0Q59;D0Q59 - FEDERATION DES AVEUGLES DE FRANCE-FAF
069;23BFP800;D0Q60;D0Q60 - ORDRE DE MALTE
069;23BFP800;D0Q61;D0Q61 - INSTITUT CERVEAU MOELLE EPINIERE ICM
069;23BFP800;D0Q62;D0Q62 - VAINCRE LA MUCOVISCIDOSE VLM
069;23BFP800;D0Q63;D0Q63 - UNICEF FRANCE
069;23BFP800;D0Q64;D0Q64 - VITALYS ALPES
069;23BFP800;D0Q65;D0Q65 - SANTE NATURE VITAL (EX SNLV SANTE NATURE ET LONGUE VIE)
069;23BFP800;D0Q66;D0Q66 - LA POINTE DE PENMARC'H
069;23BFP800;D0Q67;D0Q67 - FAMILLE MARY
069;23BFP800;D0Q68;D0Q68 - PELERIN MAGAZINE
069;23BFP800;D0Q69;D0Q69 - PAUL ET MARIE DECAYZAC
069;23BFP800;D0Q70;D0Q70 - LABORATOIRE DOCTEUR PIERRE RICAUD
069;23BFP800;D0Q71;D0Q71 - LINVOSGES
069;23BFP800;D0Q72;D0Q72 - CONEX + VAD
069;23BFP800;D0Q73;D0Q73 - DAMART
069;23BFP800;D0Q74;D0Q74 - SEDAGYL
069;23BFP800;D0Q75;D0Q75 - FEDERATION FRANCAISE DE LA RANDONNEE (FFRP)
069;23BFP800;D0Q76;D0Q76 - FRANCOISE SAGET
069;23BFP800;D0Q77;D0Q77 - NOTRE TEMPS
069;23BFP800;D0Q78;D0Q78 - DOMAINE APICOLE DE CHEZELLES
069;23BFP800;D0Q79;D0Q79 - TEMPS L
069;23BFP800;D0Q80;D0Q80 - TRADITIONS DU PERIGORD
069;23BFP800;D0Q81;D0Q81 - TELE 7 JEUX
069;23BFP800;D0Q82;D0Q82 - TELE 7 JOURS
069;23BFP800;D0Q83;D0Q83 - NATURAVIGNON
069;23BFP800;D0Q84;D0Q84 - AFIBEL
069;23BFP800;D0Q85;D0Q85 - BLANCHE PORTE
069;23BFP800;D0Q86;D0Q86 - TANDEM
069;23BFP800;D0Q87;D0Q87 - PROFILIA SCORE SPECIFIQUE SPECIAL CARITATIF
069;23BFP800;D0Q88;D0Q88 - ATLAS FOR MEN
069;23BFP800;D0Q89;D0Q89 - LE PARTICULIER
069;23BFP800;D0Q90;D0Q90 - LE POINT
069;23BFP800;D0Q91;D0Q91 - TOP SANTE
069;23BFP800;D0Q92;D0Q92 - L'OBS
069;23BFP800;D0Q93;D0Q93 - MYLIST
069;23BFP800;D0Q94;D0Q94 - FOIES GRAS CHAMPION
069;23BFP800;D0Q95;D0Q95 - SANTINNOV
069;23BFP800;D0Q96;D0Q96 - CHASSE MAREE
069;23BFP800;D0Q97;D0Q97 - GROUPE MARIE CLAIRE
069;23BFP800;D0Q98;D0Q98 - TELE STAR
069;23BFP800;D0Q99;D0Q99 - L'HOMME MODERNE
069;23BFP800;D0R01;D0R01 - MAGNIFICAT
069;23BFP800;D0R02;D0R02 - PLEINE VIE
069;23BFP800;D0R03;D0R03 - YVES ROCHER VPC
069;23BFP800;D0R04;D0R04 - YVES ROCHER MAGASINS
069;23BFP800;D0R05;D0R05 - PRISMA POLE FEMININ
069;23BFP800;D0R06;D0R06 - CONEX + PRESSE
069;23BFP800;D0R07;D0R07 - PRISMA POLE TELE
069;23BFP800;D0R08;D0R08 - WITT INTERNATIONAL
069;23BFP800;D0R09;D0R09 - DAXON MOVITEX
069;23BFP800;D0R10;D0R10 - CAPITAL
069;23BFP800;D0R11;D0R11 - LE CHASSEUR FRANCAIS
069;23BFP800;D0R12;D0R12 - L'AMI DES JARDINS ET DE LA MAISON
069;23BFP800;D0R13;D0R13 - RUSTICA
069;23BFP800;D0R14;D0R14 - PARIS MATCH
069;23BFP800;D0R15;D0R15 - ISIDORE PENVEN
069;23BFP800;D0R16;D0R16 - WILLEMSE
069;23BFP800;D0R17;D0R17 - FEMME ACTUELLE
069;23BFP800;D0R18;D0R18 - MISSEGLE
069;23BFP800;D0R19;D0R19 - INACTIFS 5-6 ANS
069;23BFP800;D0R20;D0R20 - INACTIFS 5-6 ANS - CD92
069;23BFP800;D0R21;D0R21 - TELERAMA
069;23BFP800;D0R22;D0R22 - GOLF SENSATION
069;23BFP800;D0R23;D0R23 - ABC DIET
069;23BFP800;D0R24;D0R24 - CHALLENGE
069;23BFP800;D0R25;D0R25 - LE CYCLE
069;23BFP800;D0R26;D0R26 - NARBONNE ACCESSOIRES
069;23BFP800;D0R27;D0R27 - COURRIER INTERNATIONAL
069;23BFP800;D0R28;D0R28 - SANTE NATURELLE
069;23BFP800;D0R29;D0R29 - CHAMPAGNE BOIZEL
069;23BFP800;D0R30;D0R30 - LA VIE
069;23BFP800;D0R31;D0R31 - PSYCHOLOGIES MAGAZINE
069;23BFP800;D0R32;D0R32 - MODE ET TRAVAUX
069;23BFP800;D0R33;D0R33 - ACCORDEO SENIORS STABLES-SANTE
069;23BFP800;D0R34;D0R34 - VIEILLEES DES CHAUMIERES
069;23BFP800;D0R35;D0R35 - SENIORS MULTI DONATEURS
069;23BFP800;D0R36;D0R36 - ID HOMMES
069;23BFP800;D0R37;D0R37 - ASSOCIATION PR LA RECH SCLEROSE EN PLAQUES - ARSEP
069;23BFP800;D0R38;D0R38 - ACGA PCAC
069;23BFP800;D0R39;D0R39 - PREVENTION ROUTIERE (APR)
069;23BFP800;D0R40;D0R40 - CONTRIBUABLES ASSOCIES
069;23BFP800;D0R41;D0R41 - ACTION CONTRE LA FAIM - ACF
069;23BFP800;D0R42;D0R42 - ACGA EST  WOIPPY
069;23BFP800;D0R43;D0R43 - ORPHEOPOLIS
069;23BFP800;D0R44;D0R44 - ACGA NORD
069;23BFP800;D0R45;D0R45 - ACGA OUEST ANGERS
069;23BFP800;D0R46;D0R46 - FEDERATION FRANCAISE DE CARDIOLOGIE - FFC
069;23BFP800;D0R47;D0R47 - SOCIETE D EDITION ARTISTES PEIGNANT DE LA BOUCHE ET DU PIED
069;23BFP800;D0R48;D0R48 - FONDATION APPRENTIS D'AUTEUIL - FAO
069;23BFP800;D0R49;D0R49 - APF - ASS. DES PARALYSES DE FRANCE
069;23BFP800;D0R50;D0R50 - GENEREUX UNADEV
069;23BFP800;D0R51;D0R51 - FONDATION JEROME LEJEUNE
069;23BFP800;D0R52;D0R52 - FONDATION VAINCRE ALZHEIMER EX LECMA
069;23BFP800;D0R53;D0R53 - FEDERATION DES AVEUGLES DE FRANCE-FAF
069;23BFP800;D0R54;D0R54 - ORDRE DE MALTE
069;23BFP800;D0R55;D0R55 - INSTITUT CERVEAU MOELLE EPINIERE ICM
069;23BFP800;D0R56;D0R56 - VAINCRE LA MUCOVISCIDOSE VLM
069;23BFP800;D0R57;D0R57 - UNICEF FRANCE
069;23BFP800;D0R58;D0R58 - VITALYS ALPES
069;23BFP800;D0R59;D0R59 - SANTE NATURE VITAL (EX SNLV SANTE NATURE ET LONGUE VIE)
069;23BFP800;D0R60;D0R60 - LA POINTE DE PENMARC'H
069;23BFP800;D0R61;D0R61 - FAMILLE MARY
069;23BFP800;D0R62;D0R62 - PELERIN MAGAZINE
069;23BFP800;D0R63;D0R63 - PAUL ET MARIE DECAYZAC
069;23BFP800;D0R64;D0R64 - LABORATOIRE DOCTEUR PIERRE RICAUD
069;23BFP800;D0R65;D0R65 - LINVOSGES
069;23BFP800;D0R66;D0R66 - CONEX + VAD
069;23BFP800;D0R67;D0R67 - DAMART
069;23BFP800;D0R68;D0R68 - SEDAGYL
069;23BFP800;D0R69;D0R69 - FEDERATION FRANCAISE DE LA RANDONNEE (FFRP)
069;23BFP800;D0R70;D0R70 - FRANCOISE SAGET
069;23BFP800;D0R71;D0R71 - NOTRE TEMPS
069;23BFP800;D0R72;D0R72 - DOMAINE APICOLE DE CHEZELLES
069;23BFP800;D0R73;D0R73 - TEMPS L
069;23BFP800;D0R74;D0R74 - TRADITIONS DU PERIGORD
069;23BFP800;D0R75;D0R75 - TELE 7 JEUX
069;23BFP800;D0R76;D0R76 - TELE 7 JOURS
069;23BFP800;D0R77;D0R77 - NATURAVIGNON
069;23BFP800;D0R78;D0R78 - AFIBEL
069;23BFP800;D0R79;D0R79 - BLANCHE PORTE
069;23BFP800;D0R80;D0R80 - TANDEM
069;23BFP800;D0R81;D0R81 - PROFILIA SCORE SPECIFIQUE SPECIAL CARITATIF
069;23BFP800;D0R82;D0R82 - ATLAS FOR MEN
069;23BFP800;D0R83;D0R83 - LE PARTICULIER
069;23BFP800;D0R84;D0R84 - LE POINT
069;23BFP800;D0R85;D0R85 - TOP SANTE
069;23BFP800;D0R86;D0R86 - L'OBS
069;23BFP800;D0R87;D0R87 - MYLIST
069;23BFP800;D0R88;D0R88 - FOIES GRAS CHAMPION
069;23BFP800;D0R89;D0R89 - SANTINNOV
069;23BFP800;D0R90;D0R90 - CHASSE MAREE
069;23BFP800;D0R91;D0R91 - GROUPE MARIE CLAIRE
069;23BFP800;D0R92;D0R92 - TELE STAR
069;23BFP800;D0R93;D0R93 - L'HOMME MODERNE
069;23BFP800;D0R94;D0R94 - MAGNIFICAT
069;23BFP800;D0R95;D0R95 - PLEINE VIE
069;23BFP800;D0R96;D0R96 - YVES ROCHER VPC
069;23BFP800;D0R97;D0R97 - YVES ROCHER MAGASINS
069;23BFP800;D0R98;D0R98 - PRISMA POLE FEMININ
069;23BFP800;D0R99;D0R99 - CONEX + PRESSE
069;23BFP800;D0S01;D0S01 - PRISMA POLE TELE
069;23BFP800;D0S02;D0S02 - WITT INTERNATIONAL
069;23BFP800;D0S03;D0S03 - DAXON MOVITEX
069;23BFP800;D0S04;D0S04 - CAPITAL
069;23BFP800;D0S05;D0S05 - LE CHASSEUR FRANCAIS
069;23BFP800;D0S06;D0S06 - L'AMI DES JARDINS ET DE LA MAISON
069;23BFP800;D0S07;D0S07 - RUSTICA
069;23BFP800;D0S08;D0S08 - PARIS MATCH
069;23BFP800;D0S09;D0S09 - ISIDORE PENVEN
069;23BFP800;D0S10;D0S10 - WILLEMSE
069;23BFP800;D0S11;D0S11 - FEMME ACTUELLE
069;23BFP800;D0S12;D0S12 - MISSEGLE
069;23BFP800;D0S13;D0S13 - INACTIFS 5-6 ANS
069;23BFP800;D0S14;D0S14 - FONDATION VAINCRE ALZHEIMER EX LECMA
069;23BFP800;D0S15;D0S15 - AFIBEL
069;23BFP800;D0S16;D0S16 - MAGNIFICAT
069;23BFP800;D0S17;D0S17 - WITT INTERNATIONAL
069;23BFP800;D0S18;D0S18 - BLANCHE PORTE DOM TOM
069;23BFP800;D0S19;D0S19 - TANDEM DOM TOM
069;23BFP800;D0S21;D0S21 - INACTIFS 5-6 ANS
069;23BFP800;D0S22;D0S22 - INACTIFS 5-6 ANS - CD92
069;23BFP800;D0S23;D0S23 - TELERAMA
069;23BFP800;D0S24;D0S24 - GOLF SENSATION
069;23BFP800;D0S25;D0S25 - ABC DIET
069;23BFP800;D0S26;D0S26 - CHALLENGE
069;23BFP800;D0S27;D0S27 - LE CYCLE
069;23BFP800;D0S28;D0S28 - NARBONNE ACCESSOIRES
069;23BFP800;D0S29;D0S29 - COURRIER INTERNATIONAL
069;23BFP800;D0S30;D0S30 - SANTE NATURELLE
069;23BFP800;D0S31;D0S31 - CHAMPAGNE BOIZEL
069;23BFP800;D0S32;D0S32 - LA VIE
069;23BFP800;D0S33;D0S33 - PSYCHOLOGIES MAGAZINE
069;23BFP800;D0S34;D0S34 - MODE ET TRAVAUX
069;23BFP800;D0S35;D0S35 - ACCORDEO SENIORS STABLES-SANTE
069;23BFP800;D0S36;D0S36 - VIEILLEES DES CHAUMIERES
069;23BFP800;D0S37;D0S37 - SENIORS MULTI DONATEURS
069;23BFP800;D0S38;D0S38 - ID HOMMES
069;23BFP800;D0S39;D0S39 - ASSOCIATION PR LA RECH SCLEROSE EN PLAQUES - ARSEP
069;23BFP800;D0S40;D0S40 - ACGA PCAC
069;23BFP800;D0S41;D0S41 - PREVENTION ROUTIERE (APR)
069;23BFP800;D0S42;D0S42 - CONTRIBUABLES ASSOCIES
069;23BFP800;D0S43;D0S43 - FRANCE ALZHEIMER
069;23BFP800;D0S44;D0S44 - ACGGSO TOULOUSE
069;23BFP800;D0S45;D0S45 - ACTION CONTRE LA FAIM - ACF
069;23BFP800;D0S46;D0S46 - ACGA EST  WOIPPY
069;23BFP800;D0S47;D0S47 - ORPHEOPOLIS
069;23BFP800;D0S48;D0S48 - ACGA NORD
069;23BFP800;D0S49;D0S49 - ACGA OUEST ANGERS
069;23BFP800;D0S76;D0S76 - FEDERATION FRANCAISE DE CARDIOLOGIE - FFC
069;23BFP800;D0S77;D0S77 - SOCIETE D EDITION ARTISTES PEIGNANT DE LA BOUCHE ET DU PIED
069;23BFP800;D0S78;D0S78 - FONDATION APPRENTIS D'AUTEUIL - FAO
069;23BFP800;D0S79;D0S79 - APF - ASS. DES PARALYSES DE FRANCE
069;23BFP800;D0S80;D0S80 - GENEREUX UNADEV
069;23BFP800;D0S81;D0S81 - FONDATION VAINCRE ALZHEIMER EX LECMA
069;23BFP800;D0S82;D0S82 - FEDERATION DES AVEUGLES DE FRANCE-FAF
069;23BFP800;D0S83;D0S83 - ORDRE DE MALTE
069;23BFP800;D0S84;D0S84 - INSTITUT CERVEAU MOELLE EPINIERE ICM
069;23BFP800;D0S85;D0S85 - VAINCRE LA MUCOVISCIDOSE VLM
069;23BFP800;D0S86;D0S86 - UNICEF FRANCE
069;23BFP800;D0S87;D0S87 - VITALYS ALPES
069;23BFP800;D0S88;D0S88 - SANTE NATURE VITAL (EX SNLV SANTE NATURE ET LONGUE VIE)
069;23BFP800;D0S89;D0S89 - LA POINTE DE PENMARC'H
069;23BFP800;D0S90;D0S90 - FAMILLE MARY
069;23BFP800;D0S91;D0S91 - PELERIN MAGAZINE
069;23BFP800;D0S92;D0S92 - PAUL ET MARIE DECAYZAC
069;23BFP800;D0S93;D0S93 - LABORATOIRE DOCTEUR PIERRE RICAUD
069;23BFP800;D0S94;D0S94 - LINVOSGES
069;23BFP800;D0S95;D0S95 - CONEX + VAD
069;23BFP800;D0S96;D0S96 - DAMART
069;23BFP800;D0S97;D0S97 - SEDAGYL
069;23BFP800;D0S98;D0S98 - FEDERATION FRANCAISE DE LA RANDONNEE (FFRP)
069;23BFP800;D0S99;D0S99 - FRANCOISE SAGET
069;23BFP800;D0T01;D0T01 - NOTRE TEMPS
069;23BFP800;D0T02;D0T02 - DOMAINE APICOLE DE CHEZELLES
069;23BFP800;D0T03;D0T03 - TEMPS L
069;23BFP800;D0T04;D0T04 - TRADITIONS DU PERIGORD
069;23BFP800;D0T05;D0T05 - TELE 7 JEUX
069;23BFP800;D0T06;D0T06 - TELE 7 JOURS
069;23BFP800;D0T07;D0T07 - NATURAVIGNON
069;23BFP800;D0T08;D0T08 - AFIBEL
069;23BFP800;D0T09;D0T09 - BLANCHE PORTE
069;23BFP800;D0T10;D0T10 - TANDEM
069;23BFP800;D0T11;D0T11 - PROFILIA SCORE SPECIFIQUE SPECIAL CARITATIF
069;23BFP800;D0T12;D0T12 - ATLAS FOR MEN
069;23BFP800;D0T13;D0T13 - LE PARTICULIER
069;23BFP800;D0T14;D0T14 - LE POINT
069;23BFP800;D0T15;D0T15 - TOP SANTE
069;23BFP800;D0T16;D0T16 - L'OBS
069;23BFP800;D0T17;D0T17 - MYLIST
069;23BFP800;D0T18;D0T18 - FOIES GRAS CHAMPION
069;23BFP800;D0T19;D0T19 - SANTINNOV
069;23BFP800;D0T20;D0T20 - CHASSE MAREE
069;23BFP800;D0T21;D0T21 - GROUPE MARIE CLAIRE
069;23BFP800;D0T22;D0T22 - TELE STAR
069;23BFP800;D0T23;D0T23 - L'HOMME MODERNE
069;23BFP800;D0T24;D0T24 - MAGNIFICAT
069;23BFP800;D0T25;D0T25 - PLEINE VIE
069;23BFP800;D0T26;D0T26 - YVES ROCHER VPC
069;23BFP800;D0T27;D0T27 - YVES ROCHER MAGASINS
069;23BFP800;D0T28;D0T28 - PRISMA POLE FEMININ
069;23BFP800;D0T29;D0T29 - CONEX + PRESSE
069;23BFP800;D0T30;D0T30 - PRISMA POLE TELE
069;23BFP800;D0T31;D0T31 - WITT INTERNATIONAL
069;23BFP800;D0T32;D0T32 - DAXON MOVITEX
069;23BFP800;D0T33;D0T33 - CAPITAL
069;23BFP800;D0T34;D0T34 - LE CHASSEUR FRANCAIS
069;23BFP800;D0T35;D0T35 - L'AMI DES JARDINS ET DE LA MAISON
069;23BFP800;D0T36;D0T36 - RUSTICA
069;23BFP800;D0T37;D0T37 - PARIS MATCH
069;23BFP800;D0T38;D0T38 - ISIDORE PENVEN
069;23BFP800;D0T39;D0T39 - WILLEMSE
069;23BFP800;D0T40;D0T40 - FEMME ACTUELLE
069;23BFP800;D0T41;D0T41 - MISSEGLE
069;23BFP800;D0T42;D0T42 - INACTIFS 5-6 ANS
069;23BFP800;D0T43;D0T43 - BLANCHE PORTE DOM TOM
069;23BFP800;D0T44;D0T44 - TANDEM DOM TOM
069;23BFP800;D0T46;D0T46 - INACTIFS 5-6 ANS
069;23BFP800;D0T47;D0T47 - INACTIFS 5-6 ANS - CD92
069;23BFP800;D0T48;D0T48 - TELERAMA
069;23BFP800;D0T49;D0T49 - GOLF SENSATION
069;23BFP800;D0T50;D0T50 - ABC DIET
069;23BFP800;D0T51;D0T51 - CHALLENGE
069;23BFP800;D0T52;D0T52 - LE CYCLE
069;23BFP800;D0T53;D0T53 - NARBONNE ACCESSOIRES
069;23BFP800;D0T54;D0T54 - COURRIER INTERNATIONAL
069;23BFP800;D0T55;D0T55 - SANTE NATURELLE
069;23BFP800;D0T56;D0T56 - CHAMPAGNE BOIZEL
069;23BFP800;D0T57;D0T57 - LA VIE
069;23BFP800;D0T58;D0T58 - PSYCHOLOGIES MAGAZINE
069;23BFP800;D0T59;D0T59 - MODE ET TRAVAUX
069;23BFP800;D0T60;D0T60 - ACCORDEO SENIORS STABLES-SANTE
069;23BFP800;D0T61;D0T61 - VIEILLEES DES CHAUMIERES
069;23BFP800;D0T62;D0T62 - SENIORS MULTI DONATEURS
069;23BFP800;D0T63;D0T63 - ID HOMMES
069;23BFP800;D0T64;D0T64 - ASSOCIATION PR LA RECH SCLEROSE EN PLAQUES - ARSEP
069;23BFP800;D0T65;D0T65 - PREVENTION ROUTIERE (APR)
069;23BFP800;D0T66;D0T66 - CONTRIBUABLES ASSOCIES
069;23BFP800;D0T67;D0T67 - FRANCE ALZHEIMER
069;23BFP800;D0T68;D0T68 - ACGGSO TOULOUSE
069;23BFP800;D0T69;D0T69 - ACTION CONTRE LA FAIM - ACF
069;23BFP800;D0T70;D0T70 - ACGA EST  WOIPPY
069;23BFP800;D0T71;D0T71 - ORPHEOPOLIS
069;23BFP800;D0T72;D0T72 - ACGA NORD
069;23BFP800;D0T73;D0T73 - ACGA OUEST ANGERS
069;23BFP800;D0T74;D0T74 - SOCIETE D EDITION ARTISTES PEIGNANT DE LA BOUCHE ET DU PIED
069;23BFP800;D0T75;D0T75 - APF - ASS. DES PARALYSES DE FRANCE
069;23BFP800;D0T76;D0T76 - GENEREUX UNADEV
069;23BFP800;D0T77;D0T77 - FONDATION VAINCRE ALZHEIMER EX LECMA
069;23BFP800;D0T78;D0T78 - FEDERATION DES AVEUGLES DE FRANCE-FAF
069;23BFP800;D0T79;D0T79 - ORDRE DE MALTE
069;23BFP800;D0T80;D0T80 - INSTITUT CERVEAU MOELLE EPINIERE ICM
069;23BFP800;D0T81;D0T81 - VAINCRE LA MUCOVISCIDOSE VLM
069;23BFP800;D0T82;D0T82 - UNICEF FRANCE
069;23BFP800;D0T83;D0T83 - VITALYS ALPES
069;23BFP800;D0T84;D0T84 - SANTE NATURE VITAL (EX SNLV SANTE NATURE ET LONGUE VIE)
069;23BFP800;D0T85;D0T85 - LA POINTE DE PENMARC'H
069;23BFP800;D0T86;D0T86 - FAMILLE MARY
069;23BFP800;D0T87;D0T87 - PELERIN MAGAZINE
069;23BFP800;D0T88;D0T88 - PAUL ET MARIE DECAYZAC
069;23BFP800;D0T89;D0T89 - LABORATOIRE DOCTEUR PIERRE RICAUD
069;23BFP800;D0T90;D0T90 - LINVOSGES
069;23BFP800;D0T91;D0T91 - CONEX + VAD
069;23BFP800;D0T92;D0T92 - DAMART
069;23BFP800;D0T93;D0T93 - SEDAGYL
069;23BFP800;D0T94;D0T94 - FEDERATION FRANCAISE DE LA RANDONNEE (FFRP)
069;23BFP800;D0T95;D0T95 - FRANCOISE SAGET
069;23BFP800;D0T96;D0T96 - NOTRE TEMPS
069;23BFP800;D0T97;D0T97 - DOMAINE APICOLE DE CHEZELLES
069;23BFP800;D0T98;D0T98 - TEMPS L
069;23BFP800;D0T99;D0T99 - TRADITIONS DU PERIGORD
069;23BFP800;D0U01;D0U01 - TELE 7 JEUX
069;23BFP800;D0U02;D0U02 - TELE 7 JOURS
069;23BFP800;D0U03;D0U03 - NATURAVIGNON
069;23BFP800;D0U04;D0U04 - AFIBEL
069;23BFP800;D0U05;D0U05 - BLANCHE PORTE
069;23BFP800;D0U06;D0U06 - TANDEM
069;23BFP800;D0U07;D0U07 - PROFILIA SCORE SPECIFIQUE SPECIAL CARITATIF
069;23BFP800;D0U08;D0U08 - ATLAS FOR MEN
069;23BFP800;D0U09;D0U09 - LE PARTICULIER
069;23BFP800;D0U10;D0U10 - LE POINT
069;23BFP800;D0U11;D0U11 - TOP SANTE
069;23BFP800;D0U12;D0U12 - L'OBS
069;23BFP800;D0U13;D0U13 - MYLIST
069;23BFP800;D0U14;D0U14 - FOIES GRAS CHAMPION
069;23BFP800;D0U15;D0U15 - SANTINNOV
069;23BFP800;D0U16;D0U16 - CHASSE MAREE
069;23BFP800;D0U17;D0U17 - GROUPE MARIE CLAIRE
069;23BFP800;D0U18;D0U18 - TELE STAR
069;23BFP800;D0U19;D0U19 - L'HOMME MODERNE
069;23BFP800;D0U20;D0U20 - MAGNIFICAT
069;23BFP800;D0U21;D0U21 - PLEINE VIE
069;23BFP800;D0U22;D0U22 - YVES ROCHER VPC
069;23BFP800;D0U23;D0U23 - YVES ROCHER MAGASINS
069;23BFP800;D0U24;D0U24 - PRISMA POLE FEMININ
069;23BFP800;D0U25;D0U25 - CONEX + PRESSE
069;23BFP800;D0U26;D0U26 - PRISMA POLE TELE
069;23BFP800;D0U27;D0U27 - WITT INTERNATIONAL
069;23BFP800;D0U28;D0U28 - DAXON MOVITEX
069;23BFP800;D0U29;D0U29 - CAPITAL
069;23BFP800;D0U30;D0U30 - LE CHASSEUR FRANCAIS
069;23BFP800;D0U31;D0U31 - L'AMI DES JARDINS ET DE LA MAISON
069;23BFP800;D0U32;D0U32 - RUSTICA
069;23BFP800;D0U33;D0U33 - PARIS MATCH
069;23BFP800;D0U34;D0U34 - ISIDORE PENVEN
069;23BFP800;D0U35;D0U35 - WILLEMSE
069;23BFP800;D0U36;D0U36 - FEMME ACTUELLE
069;23BFP800;D0U37;D0U37 - MISSEGLE
069;23BFP800;D0U38;D0U38 - INACTIFS 5-6 ANS
069;23BFP800;D0U39;D0U39 - INACTIFS 5-6 ANS - CD92
069;23BFP800;D0U40;D0U40 - TELERAMA
069;23BFP800;D0U41;D0U41 - GOLF SENSATION
069;23BFP800;D0U42;D0U42 - ABC DIET
069;23BFP800;D0U43;D0U43 - CHALLENGE
069;23BFP800;D0U44;D0U44 - LE CYCLE
069;23BFP800;D0U45;D0U45 - NARBONNE ACCESSOIRES
069;23BFP800;D0U46;D0U46 - COURRIER INTERNATIONAL
069;23BFP800;D0U47;D0U47 - SANTE NATURELLE
069;23BFP800;D0U48;D0U48 - CHAMPAGNE BOIZEL
069;23BFP800;D0U49;D0U49 - LA VIE
069;23BFP800;D0U50;D0U50 - PSYCHOLOGIES MAGAZINE
069;23BFP800;D0U51;D0U51 - MODE ET TRAVAUX
069;23BFP800;D0U52;D0U52 - ACCORDEO SENIORS STABLES-SANTE
069;23BFP800;D0U53;D0U53 - VIEILLEES DES CHAUMIERES
069;23BFP800;D0U54;D0U54 - SENIORS MULTI DONATEURS
069;23BFP800;D0U55;D0U55 - ID HOMMES
069;23BFP800;D0U56;D0U56 - ASSOCIATION PR LA RECH SCLEROSE EN PLAQUES - ARSEP
069;23BFP800;D0U57;D0U57 - PREVENTION ROUTIERE (APR)
069;23BFP800;D0U58;D0U58 - CONTRIBUABLES ASSOCIES
069;23BFP800;D0U59;D0U59 - FRANCE ALZHEIMER
069;23BFP800;D0U60;D0U60 - ACGGSO TOULOUSE
069;23BFP800;D0U61;D0U61 - ACTION CONTRE LA FAIM - ACF
069;23BFP800;D0U62;D0U62 - ACGA EST  WOIPPY
069;23BFP800;D0U63;D0U63 - ORPHEOPOLIS
069;23BFP800;D0U64;D0U64 - ACGA NORD
069;23BFP800;D0U65;D0U65 - ACGA OUEST ANGERS
069;23BFP800;D0U66;D0U66 - SOCIETE D EDITION ARTISTES PEIGNANT DE LA BOUCHE ET DU PIED
069;23BFP800;D0U67;D0U67 - APF - ASS. DES PARALYSES DE FRANCE
069;23BFP800;D0U68;D0U68 - GENEREUX UNADEV
069;23BFP800;D0U69;D0U69 - FONDATION VAINCRE ALZHEIMER EX LECMA
069;23BFP800;D0U70;D0U70 - FEDERATION DES AVEUGLES DE FRANCE-FAF
069;23BFP800;D0U71;D0U71 - ORDRE DE MALTE
069;23BFP800;D0U72;D0U72 - INSTITUT CERVEAU MOELLE EPINIERE ICM
069;23BFP800;D0U73;D0U73 - VAINCRE LA MUCOVISCIDOSE VLM
069;23BFP800;D0U74;D0U74 - UNICEF FRANCE
069;23BFP800;D0U75;D0U75 - VITALYS ALPES
069;23BFP800;D0U76;D0U76 - SANTE NATURE VITAL (EX SNLV SANTE NATURE ET LONGUE VIE)
069;23BFP800;D0U77;D0U77 - LA POINTE DE PENMARC'H
069;23BFP800;D0U78;D0U78 - FAMILLE MARY
069;23BFP800;D0U79;D0U79 - PELERIN MAGAZINE
069;23BFP800;D0U80;D0U80 - PAUL ET MARIE DECAYZAC
069;23BFP800;D0U81;D0U81 - LABORATOIRE DOCTEUR PIERRE RICAUD
069;23BFP800;D0U82;D0U82 - LINVOSGES
069;23BFP800;D0U83;D0U83 - CONEX + VAD
069;23BFP800;D0U84;D0U84 - DAMART
069;23BFP800;D0U85;D0U85 - SEDAGYL
069;23BFP800;D0U86;D0U86 - FEDERATION FRANCAISE DE LA RANDONNEE (FFRP)
069;23BFP800;D0U87;D0U87 - FRANCOISE SAGET
069;23BFP800;D0U88;D0U88 - NOTRE TEMPS
069;23BFP800;D0U89;D0U89 - DOMAINE APICOLE DE CHEZELLES
069;23BFP800;D0U90;D0U90 - TEMPS L
069;23BFP800;D0U91;D0U91 - TRADITIONS DU PERIGORD
069;23BFP800;D0U92;D0U92 - TELE 7 JEUX
069;23BFP800;D0U93;D0U93 - TELE 7 JOURS
069;23BFP800;D0U94;D0U94 - NATURAVIGNON
069;23BFP800;D0U95;D0U95 - AFIBEL
069;23BFP800;D0U96;D0U96 - BLANCHE PORTE
069;23BFP800;D0U97;D0U97 - TANDEM
069;23BFP800;D0U98;D0U98 - PROFILIA SCORE SPECIFIQUE SPECIAL CARITATIF
069;23BFP800;D0U99;D0U99 - ATLAS FOR MEN
069;23BFP800;D0V01;D0V01 - LE PARTICULIER
069;23BFP800;D0V02;D0V02 - LE POINT
069;23BFP800;D0V03;D0V03 - TOP SANTE
069;23BFP800;D0V04;D0V04 - L'OBS
069;23BFP800;D0V05;D0V05 - MYLIST
069;23BFP800;D0V06;D0V06 - FOIES GRAS CHAMPION
069;23BFP800;D0V07;D0V07 - SANTINNOV
069;23BFP800;D0V08;D0V08 - CHASSE MAREE
069;23BFP800;D0V09;D0V09 - GROUPE MARIE CLAIRE
069;23BFP800;D0V10;D0V10 - TELE STAR
069;23BFP800;D0V11;D0V11 - L'HOMME MODERNE
069;23BFP800;D0V12;D0V12 - MAGNIFICAT
069;23BFP800;D0V13;D0V13 - PLEINE VIE
069;23BFP800;D0V14;D0V14 - YVES ROCHER VPC
069;23BFP800;D0V15;D0V15 - YVES ROCHER MAGASINS
069;23BFP800;D0V16;D0V16 - PRISMA POLE FEMININ
069;23BFP800;D0V17;D0V17 - CONEX + PRESSE
069;23BFP800;D0V18;D0V18 - PRISMA POLE TELE
069;23BFP800;D0V19;D0V19 - WITT INTERNATIONAL
069;23BFP800;D0V20;D0V20 - DAXON MOVITEX
069;23BFP800;D0V21;D0V21 - CAPITAL
069;23BFP800;D0V22;D0V22 - LE CHASSEUR FRANCAIS
069;23BFP800;D0V23;D0V23 - L'AMI DES JARDINS ET DE LA MAISON
069;23BFP800;D0V24;D0V24 - RUSTICA
069;23BFP800;D0V25;D0V25 - PARIS MATCH
069;23BFP800;D0V26;D0V26 - ISIDORE PENVEN
069;23BFP800;D0V27;D0V27 - WILLEMSE
069;23BFP800;D0V28;D0V28 - FEMME ACTUELLE
069;23BFP800;D0V29;D0V29 - MISSEGLE
069;23BFP800;D0V30;D0V30 - INACTIFS 5-6 ANS
069;23BFP800;D0V31;D0V31 - INACTIFS 5-6 ANS - CD92
069;23BFP800;D0V32;D0V32 - TELERAMA
069;23BFP800;D0V33;D0V33 - GOLF SENSATION
069;23BFP800;D0V34;D0V34 - ABC DIET
069;23BFP800;D0V35;D0V35 - CHALLENGE
069;23BFP800;D0V36;D0V36 - LE CYCLE
069;23BFP800;D0V37;D0V37 - NARBONNE ACCESSOIRES
069;23BFP800;D0V38;D0V38 - COURRIER INTERNATIONAL
069;23BFP800;D0V39;D0V39 - SANTE NATURELLE
069;23BFP800;D0V40;D0V40 - CHAMPAGNE BOIZEL
069;23BFP800;D0V41;D0V41 - LA VIE
069;23BFP800;D0V42;D0V42 - PSYCHOLOGIES MAGAZINE
069;23BFP800;D0V43;D0V43 - MODE ET TRAVAUX
069;23BFP800;D0V44;D0V44 - ACCORDEO SENIORS STABLES-SANTE
069;23BFP800;D0V45;D0V45 - VIEILLEES DES CHAUMIERES
069;23BFP800;D0V46;D0V46 - SENIORS MULTI DONATEURS
069;23BFP800;D0V47;D0V47 - ID HOMMES
069;23BFP800;D0V48;D0V48 - ASSOCIATION PR LA RECH SCLEROSE EN PLAQUES - ARSEP
069;23BFP800;D0V49;D0V49 - PREVENTION ROUTIERE (APR)
069;23BFP800;D0V50;D0V50 - CONTRIBUABLES ASSOCIES
069;23BFP800;D0V51;D0V51 - FRANCE ALZHEIMER
069;23BFP800;D0V52;D0V52 - ACGGSO TOULOUSE
069;23BFP800;D0V53;D0V53 - ACTION CONTRE LA FAIM - ACF
069;23BFP800;D0V54;D0V54 - ACGA EST  WOIPPY
069;23BFP800;D0V55;D0V55 - ORPHEOPOLIS
069;23BFP800;D0V56;D0V56 - ACGA NORD
069;23BFP800;D0V57;D0V57 - ACGA OUEST ANGERS
069;23BFP800;D0V58;D0V58 - SOCIETE D EDITION ARTISTES PEIGNANT DE LA BOUCHE ET DU PIED
069;23BFP800;D0V59;D0V59 - APF - ASS. DES PARALYSES DE FRANCE
069;23BFP800;D0V60;D0V60 - GENEREUX UNADEV
069;23BFP800;D0V61;D0V61 - FONDATION VAINCRE ALZHEIMER EX LECMA
069;23BFP800;D0V62;D0V62 - FEDERATION DES AVEUGLES DE FRANCE-FAF
069;23BFP800;D0V63;D0V63 - ORDRE DE MALTE
069;23BFP800;D0V64;D0V64 - INSTITUT CERVEAU MOELLE EPINIERE ICM
069;23BFP800;D0V65;D0V65 - VAINCRE LA MUCOVISCIDOSE VLM
069;23BFP800;D0V66;D0V66 - UNICEF FRANCE
069;23BFP800;D0V67;D0V67 - VITALYS ALPES
069;23BFP800;D0V68;D0V68 - SANTE NATURE VITAL (EX SNLV SANTE NATURE ET LONGUE VIE)
069;23BFP800;D0V69;D0V69 - LA POINTE DE PENMARC'H
069;23BFP800;D0V70;D0V70 - FAMILLE MARY
069;23BFP800;D0V71;D0V71 - PELERIN MAGAZINE
069;23BFP800;D0V72;D0V72 - PAUL ET MARIE DECAYZAC
069;23BFP800;D0V73;D0V73 - LABORATOIRE DOCTEUR PIERRE RICAUD
069;23BFP800;D0V74;D0V74 - LINVOSGES
069;23BFP800;D0V75;D0V75 - CONEX + VAD
069;23BFP800;D0V76;D0V76 - DAMART
069;23BFP800;D0V77;D0V77 - SEDAGYL
069;23BFP800;D0V78;D0V78 - FEDERATION FRANCAISE DE LA RANDONNEE (FFRP)
069;23BFP800;D0V79;D0V79 - FRANCOISE SAGET
069;23BFP800;D0V80;D0V80 - NOTRE TEMPS
069;23BFP800;D0V81;D0V81 - DOMAINE APICOLE DE CHEZELLES
069;23BFP800;D0V82;D0V82 - TEMPS L
069;23BFP800;D0V83;D0V83 - TRADITIONS DU PERIGORD
069;23BFP800;D0V84;D0V84 - TELE 7 JEUX
069;23BFP800;D0V85;D0V85 - TELE 7 JOURS
069;23BFP800;D0V86;D0V86 - NATURAVIGNON
069;23BFP800;D0V87;D0V87 - AFIBEL
069;23BFP800;D0V88;D0V88 - BLANCHE PORTE
069;23BFP800;D0V89;D0V89 - TANDEM
069;23BFP800;D0V90;D0V90 - PROFILIA SCORE SPECIFIQUE SPECIAL CARITATIF
069;23BFP800;D0V91;D0V91 - ATLAS FOR MEN
069;23BFP800;D0V92;D0V92 - LE PARTICULIER
069;23BFP800;D0V93;D0V93 - LE POINT
069;23BFP800;D0V94;D0V94 - TOP SANTE
069;23BFP800;D0V95;D0V95 - L'OBS
069;23BFP800;D0V96;D0V96 - MYLIST
069;23BFP800;D0V97;D0V97 - FOIES GRAS CHAMPION
069;23BFP800;D0V98;D0V98 - SANTINNOV
069;23BFP800;D0V99;D0V99 - CHASSE MAREE
069;23BFP800;D0W01;D0W01 - GROUPE MARIE CLAIRE
069;23BFP800;D0W02;D0W02 - TELE STAR
069;23BFP800;D0W03;D0W03 - L'HOMME MODERNE
069;23BFP800;D0W04;D0W04 - MAGNIFICAT
069;23BFP800;D0W05;D0W05 - PLEINE VIE
069;23BFP800;D0W06;D0W06 - YVES ROCHER VPC
069;23BFP800;D0W07;D0W07 - YVES ROCHER MAGASINS
069;23BFP800;D0W08;D0W08 - PRISMA POLE FEMININ
069;23BFP800;D0W09;D0W09 - CONEX + PRESSE
069;23BFP800;D0W10;D0W10 - PRISMA POLE TELE
069;23BFP800;D0W11;D0W11 - WITT INTERNATIONAL
069;23BFP800;D0W12;D0W12 - DAXON MOVITEX
069;23BFP800;D0W13;D0W13 - CAPITAL
069;23BFP800;D0W14;D0W14 - LE CHASSEUR FRANCAIS
069;23BFP800;D0W15;D0W15 - L'AMI DES JARDINS ET DE LA MAISON
069;23BFP800;D0W16;D0W16 - RUSTICA
069;23BFP800;D0W17;D0W17 - PARIS MATCH
069;23BFP800;D0W18;D0W18 - ISIDORE PENVEN
069;23BFP800;D0W19;D0W19 - WILLEMSE
069;23BFP800;D0W20;D0W20 - FEMME ACTUELLE
069;23BFP800;D0W21;D0W21 - MISSEGLE
069;23BFP800;D0W22;D0W22 - INACTIFS 5-6 ANS
069;23BFP800;D0W23;D0W23 - FONDATION VAINCRE ALZHEIMER EX LECMA
069;23BFP800;D0W24;D0W24 - AFIBEL
069;23BFP800;D0W25;D0W25 - MAGNIFICAT
069;23BFP800;D0W26;D0W26 - WITT INTERNATIONAL
069;23BFP800;D0W27;D0W27 - BLANCHE PORTE DOM TOM
069;23BFP800;D0W28;D0W28 - TANDEM DOM TOM
069;23BFP800;D0W30;D0W30 - INACTIFS 5-6 ANS
069;23BFP800;D0W31;D0W31 - INACTIFS 5-6 ANS - CD92
069;23BFP800;D0W32;D0W32 - TELERAMA
069;23BFP800;D0W33;D0W33 - GOLF SENSATION
069;23BFP800;D0W34;D0W34 - ABC DIET
069;23BFP800;D0W35;D0W35 - CHALLENGE
069;23BFP800;D0W36;D0W36 - LE CYCLE
069;23BFP800;D0W37;D0W37 - NARBONNE ACCESSOIRES
069;23BFP800;D0W38;D0W38 - COURRIER INTERNATIONAL
069;23BFP800;D0W39;D0W39 - SANTE NATURELLE
069;23BFP800;D0W40;D0W40 - CHAMPAGNE BOIZEL
069;23BFP800;D0W41;D0W41 - LA VIE
069;23BFP800;D0W42;D0W42 - PSYCHOLOGIES MAGAZINE
069;23BFP800;D0W43;D0W43 - MODE ET TRAVAUX
069;23BFP800;D0W44;D0W44 - ACCORDEO SENIORS STABLES-SANTE
069;23BFP800;D0W45;D0W45 - VIEILLEES DES CHAUMIERES
069;23BFP800;D0W46;D0W46 - SENIORS MULTI DONATEURS
069;23BFP800;D0W47;D0W47 - ID HOMMES
069;23BFP800;D0W48;D0W48 - ASSOCIATION PR LA RECH SCLEROSE EN PLAQUES - ARSEP
069;23BFP800;D0W49;D0W49 - CONTRIBUABLES ASSOCIES
069;23BFP800;D0W50;D0W50 - FRANCE ALZHEIMER
069;23BFP800;D0W51;D0W51 - ACGGSO TOULOUSE
069;23BFP800;D0W52;D0W52 - ACTION CONTRE LA FAIM - ACF
069;23BFP800;D0W53;D0W53 - ACGA EST  WOIPPY
069;23BFP800;D0W54;D0W54 - ORPHEOPOLIS
069;23BFP800;D0W55;D0W55 - ACGA NORD
069;23BFP800;D0W56;D0W56 - ACGA OUEST ANGERS
069;23BFP800;D0W57;D0W57 - FEDERATION FRANCAISE DE CARDIOLOGIE - FFC
069;23BFP800;D0W58;D0W58 - APF - ASS. DES PARALYSES DE FRANCE
069;23BFP800;D0W59;D0W59 - GENEREUX UNADEV
069;23BFP800;D0W60;D0W60 - FONDATION VAINCRE ALZHEIMER EX LECMA
069;23BFP800;D0W61;D0W61 - FEDERATION DES AVEUGLES DE FRANCE-FAF
069;23BFP800;D0W62;D0W62 - ORDRE DE MALTE
069;23BFP800;D0W63;D0W63 - INSTITUT CERVEAU MOELLE EPINIERE ICM
069;23BFP800;D0W64;D0W64 - VAINCRE LA MUCOVISCIDOSE VLM
069;23BFP800;D0W65;D0W65 - UNICEF FRANCE
069;23BFP800;D0W66;D0W66 - VITALYS ALPES
069;23BFP800;D0W67;D0W67 - SANTE NATURE VITAL (EX SNLV SANTE NATURE ET LONGUE VIE)
069;23BFP800;D0W68;D0W68 - LA POINTE DE PENMARC'H
069;23BFP800;D0W69;D0W69 - FAMILLE MARY
069;23BFP800;D0W70;D0W70 - PELERIN MAGAZINE
069;23BFP800;D0W71;D0W71 - PAUL ET MARIE DECAYZAC
069;23BFP800;D0W72;D0W72 - LABORATOIRE DOCTEUR PIERRE RICAUD
069;23BFP800;D0W73;D0W73 - LINVOSGES
069;23BFP800;D0W74;D0W74 - CONEX + VAD
069;23BFP800;D0W75;D0W75 - DAMART
069;23BFP800;D0W76;D0W76 - SEDAGYL
069;23BFP800;D0W77;D0W77 - FEDERATION FRANCAISE DE LA RANDONNEE (FFRP)
069;23BFP800;D0W78;D0W78 - FRANCOISE SAGET
069;23BFP800;D0W79;D0W79 - NOTRE TEMPS
069;23BFP800;D0W80;D0W80 - DOMAINE APICOLE DE CHEZELLES
069;23BFP800;D0W81;D0W81 - TEMPS L
069;23BFP800;D0W82;D0W82 - TRADITIONS DU PERIGORD
069;23BFP800;D0W83;D0W83 - TELE 7 JEUX
069;23BFP800;D0W84;D0W84 - TELE 7 JOURS
069;23BFP800;D0W85;D0W85 - NATURAVIGNON
069;23BFP800;D0W86;D0W86 - AFIBEL
069;23BFP800;D0W87;D0W87 - BLANCHE PORTE
069;23BFP800;D0W88;D0W88 - TANDEM
069;23BFP800;D0W89;D0W89 - PROFILIA SCORE SPECIFIQUE SPECIAL CARITATIF
069;23BFP800;D0W90;D0W90 - ATLAS FOR MEN
069;23BFP800;D0W91;D0W91 - LE PARTICULIER
069;23BFP800;D0W92;D0W92 - LE POINT
069;23BFP800;D0W93;D0W93 - TOP SANTE
069;23BFP800;D0W94;D0W94 - L'OBS
069;23BFP800;D0W95;D0W95 - MYLIST
069;23BFP800;D0W96;D0W96 - FOIES GRAS CHAMPION
069;23BFP800;D0W97;D0W97 - SANTINNOV
069;23BFP800;D0W98;D0W98 - CHASSE MAREE
069;23BFP800;D0W99;D0W99 - GROUPE MARIE CLAIRE
069;23BFP800;D0X01;D0X01 - TELE STAR
069;23BFP800;D0X02;D0X02 - L'HOMME MODERNE
069;23BFP800;D0X03;D0X03 - MAGNIFICAT
069;23BFP800;D0X04;D0X04 - PLEINE VIE
069;23BFP800;D0X05;D0X05 - YVES ROCHER VPC
069;23BFP800;D0X06;D0X06 - YVES ROCHER MAGASINS
069;23BFP800;D0X07;D0X07 - PRISMA POLE FEMININ
069;23BFP800;D0X08;D0X08 - CONEX + PRESSE
069;23BFP800;D0X09;D0X09 - PRISMA POLE TELE
069;23BFP800;D0X10;D0X10 - WITT INTERNATIONAL
069;23BFP800;D0X11;D0X11 - DAXON MOVITEX
069;23BFP800;D0X12;D0X12 - CAPITAL
069;23BFP800;D0X13;D0X13 - LE CHASSEUR FRANCAIS
069;23BFP800;D0X14;D0X14 - L'AMI DES JARDINS ET DE LA MAISON
069;23BFP800;D0X15;D0X15 - RUSTICA
069;23BFP800;D0X16;D0X16 - PARIS MATCH
069;23BFP800;D0X17;D0X17 - ISIDORE PENVEN
069;23BFP800;D0X18;D0X18 - WILLEMSE
069;23BFP800;D0X19;D0X19 - FEMME ACTUELLE
069;23BFP800;D0X20;D0X20 - MISSEGLE
069;23BFP800;D0X21;D0X21 - INACTIFS 5-6 ANS
069;23BFP800;D0X22;D0X22 - BLANCHE PORTE DOM TOM
069;23BFP800;D0X23;D0X23 - TANDEM DOM TOM
069;23BFP800;D0X25;D0X25 - INACTIFS + 7 ANS
069;23BFP800;D0X28;D0X28 - PA Télémarketing - Upgrade Digital 5-14 €
069;23BFP800;D0X29;D0X29 - PA Télémarketing - Upgrade Digital 15 € & +
069;23BFP800;D0X30;D0X30 - PA Télémarketing - Upgrade Courrier moins de 24 mois 5-14 €
069;23BFP800;D0X31;D0X31 - PA Télémarketing - Upgrade Courrier 24-48 mois 5-14 €
069;23BFP800;D0X32;D0X32 - PA Télémarketing - Upgrade Courrier plus de 48 mois 5-14 €
069;23BFP800;D0X33;D0X33 - PA Télémarketing - Upgrade Courrier 15 € & +
069;23BFP800;D0X34;D0X34 - PA Télémarketing - Upgrade Street 6-24 mois 5-10 €
069;23BFP800;D0X35;D0X35 - PA Télémarketing - Upgrade Street 6-24 mois 11-14 €
069;23BFP800;D0X36;D0X36 - PA Télémarketing - Upgrade Street 24-48 mois 5-14 €
069;23BFP800;D0X37;D0X37 - PA Télémarketing - Upgrade Street plus de 48 mois 5-9 €
069;23BFP800;D0X38;D0X38 - PA Télémarketing - Upgrade Street plus de 48 mois 10-14 €
069;23BFP800;D0X39;D0X39 - PA Télémarketing - Upgrade Street 15 € & +
069;23BFP800;D0X40;D0X40 - PA Télémarketing - Upgrade Divers
069;23BFP800;D0X41;D0X41 - PA Télémarketing - Transformation Courrier 6-24 mois 50-100 €
069;23BFP800;D0X42;D0X42 - PA Télémarketing - Transformation Courrier 6-24 mois 100-500 €
069;23BFP800;D0X43;D0X43 - PA Télémarketing - Transformation Courrier 24 mois & + 50-100 €
069;23BFP800;D0X44;D0X44 - PA Télémarketing - Transformation Courrier 24 mois & + 100-500 €
069;23BFP800;D0X45;D0X45 - PA Télémarketing - Transformation Digital 6-24 mois 50-100 €
069;23BFP800;D0X46;D0X46 - PA Télémarketing - Transformation Digital 6-24 mois 100-500 €
069;23BFP800;D0X47;D0X47 - PA Télémarketing - Transformation Digital 24 mois & + 50-100 €
069;23BFP800;D0X48;D0X48 - D0X48 PA Quête Décès - Test Fidélisation 1/10 €
069;23BFP800;D0X49;D0X49 - D0X49 PA Quête Décès - Test Fidélisation 11/20 €
069;23BFP800;D0X50;D0X50 - D0X50 PA Quête Décès - Test Fidélisation 21/30 €
069;23BFP800;D0X51;D0X51 - D0X51 PA Quête Décès - Test Fidélisation 31/40 €
069;23BFP800;D0X52;D0X52 - D0X52 PA Quête Décès - Test Fidélisation 41/50 €
069;23BFP800;D0X53;D0X53 - D0X53 PA Quête Décès - Test Fidélisation > 50 €
069;23BFP800;D0X54;D0X54 - D0X54 PA Quête Décès - Test Fidélisation Divers
069;23BFP800;D0X78;D0X78 - D0X78 PA Télémarketing - Transformation Digital 24 mois & + 100-500 €
069;23BFP800;D0X79;D0X79 - D0X79 PA Télémarketing - Transformation - Divers
069;24BFP800;D0X87;D0X87 - Janvier S1 - Nouveaux
069;24BFP800;D0X88;D0X88 - Janvier S2 - Inactifs 36-48 mois
069;24BFP800;D0X89;D0X89 - Janvier S3 - Généreux
069;24BFP800;D0X90;D0X90 - Janvier S4 - Fréquents moyens
069;24BFP800;D0X91;D0X91 - Janvier S5 - Occasionnels moyens
069;24BFP800;D0X92;D0X92 - Janvier S6 - Annuels moyens
069;24BFP800;D0X93;D0X93 - Janvier S7 - Occasionnels petits
069;24BFP800;D0X94;D0X94 - Janvier S8 - Annuels petits
069;24BFP800;D0X95;D0X95 - Janvier S10 - Inactifs 48-60 mois
069;24BFP800;D0X96;D0X96 - Janvier S1 - Nouveaux test
069;24BFP800;D0X97;D0X97 - Janvier S2 - Inactifs 36-48 mois test
069;24BFP800;D0X98;D0X98 - Janvier S3 - Généreux test
069;24BFP800;D0X99;D0X99 - Janvier S4 - Fréquents moyens test
069;24BFP800;D0Y01;D0Y01 - Janvier S5 - Occasionnels moyens test
069;24BFP800;D0Y02;D0Y02 - Janvier S6 - Annuels moyens test
069;24BFP800;D0Y03;D0Y03 - Janvier S7 - Occasionnels petits test
069;24BFP800;D0Y04;D0Y04 - Janvier S8 - Annuels petits test
069;24BFP800;D0Y05;D0Y05 - Janvier S10 - Inactifs 48-60 mois test
069;24BFP800;D0Y06;D0Y06 - Janvier S1 - Nouveaux contrôle
069;24BFP800;D0Y07;D0Y07 - Janvier S2 - Inactifs 36-48 mois contrôle
069;24BFP800;D0Y08;D0Y08 - Janvier S3 - Généreux contrôle
069;24BFP800;D0Y09;D0Y09 - Janvier S4 - Fréquents moyens contrôle
069;24BFP800;D0Y10;D0Y10 - Janvier S5 - Occasionnels moyens test
069;24BFP800;D0Y11;D0Y11 - Janvier S6 - Annuels moyens test
069;24BFP800;D0Y12;D0Y12 - Janvier S7 - Occasionnels petits test
069;24BFP800;D0Y13;D0Y13 - Janvier S8 - Annuels petits test
069;24BFP800;D0Y14;D0Y14 - Janvier S10 - Inactifs 48-60 mois test
069;24BFP800;D0Y15;D0Y15 - Janvier Divers
069;24BFP800;D0Y16;D0Y16 - Février S1 - Nouveaux
069;24BFP800;D0Y17;D0Y17 - Février S2 - Inactifs 36-48 mois
069;24BFP800;D0Y18;D0Y18 - Février S3 - Généreux
069;24BFP800;D0Y19;D0Y19 - Février S4 - Fréquents moyens
069;24BFP800;D0Y20;D0Y20 - Février S5 - Occasionnels moyens
069;24BFP800;D0Y21;D0Y21 - Février S6 - Annuels moyens
069;24BFP800;D0Y22;D0Y22 - Février S7 - Occasionnels petits
069;24BFP800;D0Y23;D0Y23 - Février S8 - Annuels petits
069;24BFP800;D0Y24;D0Y24 - Février S10 - Inactifs 48-60 mois
069;24BFP800;D0Y25;D0Y25 - Février Divers
069;24BFP800;D0Y26;D0Y26 - Mars S1 - Nouveaux
069;24BFP800;D0Y27;D0Y27 - Mars S2 - Inactifs 36-48 mois
069;24BFP800;D0Y28;D0Y28 - Mars S3 - Généreux
069;24BFP800;D0Y29;D0Y29 - Mars S4 - Fréquents moyens
069;24BFP800;D0Y30;D0Y30 - Mars S5 - Occasionnels moyens
069;24BFP800;D0Y31;D0Y31 - Mars S6 - Annuels moyens
069;24BFP800;D0Y32;D0Y32 - Mars S7 - Occasionnels petits
069;24BFP800;D0Y33;D0Y33 - Mars S8 - Annuels petits
069;24BFP800;D0Y34;D0Y34 - Mars S10 - Inactifs 48-60 mois
069;24BFP800;D0Y53;D0Y53 - Mars Divers
069;24BFP800;D0Y54;D0Y54 - Avril S1 - Nouveaux
069;24BFP800;D0Y55;D0Y55 - Avril S2 - Inactifs 36-48 mois
069;24BFP800;D0Y56;D0Y56 - Avril S3 - Généreux
069;24BFP800;D0Y57;D0Y57 - Avril S4 - Fréquents moyens
069;24BFP800;D0Y58;D0Y58 - Avril S5 - Occasionnels moyens
069;24BFP800;D0Y59;D0Y59 - Avril S6 - Annuels moyens
069;24BFP800;D0Y60;D0Y60 - Avril S7 - Occasionnels petits
069;24BFP800;D0Y61;D0Y61 - Avril S8 - Annuels petits
069;24BFP800;D0Y62;D0Y62 - Avril S10 - Inactifs 48-60 mois
069;24BFP800;D0Y81;D0Y81 - Avril Divers
069;24BFP800;D0Y82;D0Y82 - D0Y82 - Mai S1 - Nouveaux
069;24BFP800;D0Y83;D0Y83 - D0Y83 - Mai S2 - Inactifs 36-48 mois
069;24BFP800;D0Y84;D0Y84 - D0Y84 - Mai S3 - Généreux
069;24BFP800;D0Y85;D0Y85 - D0Y85 - Mai S4 - Fréquents moyens
069;24BFP800;D0Y86;D0Y86 - D0Y86 - Mai S5 - Occasionnels moyens
069;24BFP800;D0Y87;D0Y87 - D0Y87 - Mai S6 - Annuels moyens
069;24BFP800;D0Y88;D0Y88 - D0Y88 - Mai S7 - Occasionnels petits
069;24BFP800;D0Y89;D0Y89 - D0Y89 - Mai S8 - Annuels petits
069;24BFP800;D0Y90;D0Y90 - D0Y90 - Mai S10 - Inactifs 48-60 mois
069;24BFP800;D0Y91;D0Y91 - D0Y91 - Mai S1 - Nouveaux test
069;24BFP800;D0Y92;D0Y92 - D0Y92 - Mai S2 - Inactifs 36-48 mois test
069;24BFP800;D0Y93;D0Y93 - D0Y93 - Mai S3 - Généreux test
069;24BFP800;D0Y94;D0Y94 - D0Y94 - Mai S4 - Fréquents moyens test
069;24BFP800;D0Y95;D0Y95 - D0Y95 - Mai S5 - Occasionnels moyens test
069;24BFP800;D0Y96;D0Y96 - D0Y96 - Mai S6 - Annuels moyens test
069;24BFP800;D0Y97;D0Y97 - D0Y97 - Mai S7 - Occasionnels petits test
069;24BFP800;D0Y98;D0Y98 - D0Y98 - Mai S8 - Annuels petits test
069;24BFP800;D0Y99;D0Y99 - D0Y99 - Mai S10 - Inactifs 48-60 mois test
069;24BFP800;D0Z01;D0Z01 - D0Z01 - Mai S1 - Nouveaux contrôle
069;24BFP800;D0Z02;D0Z02 - D0Z02 - Mai S2 - Inactifs 36-48 mois contrôle
069;24BFP800;D0Z03;D0Z03 - D0Z03 - Mai S3 - Généreux contrôle
069;24BFP800;D0Z04;D0Z04 - D0Z04 - Mai S4 - Fréquents moyens contrôle
069;24BFP800;D0Z05;D0Z05 - D0Z05 - Mai S5 - Occasionnels moyens test
069;24BFP800;D0Z06;D0Z06 - D0Z06 - Mai S6 - Annuels moyens test
069;24BFP800;D0Z07;D0Z07 - D0Z07 - Mai S7 - Occasionnels petits test
069;24BFP800;D0Z08;D0Z08 - D0Z08 - Mai S8 - Annuels petits test
069;24BFP800;D0Z09;D0Z09 - D0Z09 - Mai S10 - Inactifs 48-60 mois test
069;24BFP800;D0Z10;D0Z10 - D0Z10 - Mai Divers
069;24BFP800;D0Z11;D0Z11 - D0Z11- Juin S1 - Nouveaux
069;24BFP800;D0Z12;D0Z12 - D0Z12- Juin S2 - Inactifs 36-48 mois
069;24BFP800;D0Z13;D0Z13 - D0Z13-Juin S3 - Généreux
069;24BFP800;D0Z14;D0Z14 - D0Z14-Juin S4 - Fréquents moyens
069;24BFP800;D0Z15;D0Z15 - D0Z15-Juin S5 - Occasionnels moyens
069;24BFP800;D0Z16;D0Z16 - D0Z16-Juin S6 - Annuels moyens
069;24BFP800;D0Z17;D0Z17 - D0Z17-Juin S7 - Occasionnels petits
069;24BFP800;D0Z18;D0Z18 - D0Z18-Juin S8 - Annuels petits
069;24BFP800;D0Z19;D0Z19 - D0Z19-Juin S10 - Inactifs 48-60 mois
069;24BFP800;D0Z20;D0Z20 - D0Z20-Juin S1 - Nouveaux test
069;24BFP800;D0Z21;D0Z21 - D0Z21-Juin S2 - Inactifs 36-48 mois test
069;24BFP800;D0Z22;D0Z22 - D0Z22-Juin S3 - Généreux test
069;24BFP800;D0Z24;D0Z24 - D0Z24-Juin S5 - Occasionnels moyens test
069;24BFP800;D0Z25;D0Z25 - D0Z25-Juin S6 - Annuels moyens test
069;24BFP800;D0Z26;D0Z26 - D0Z26-Juin S7 - Occasionnels petits test
069;24BFP800;D0Z27;D0Z27 - D0Z27-Juin S8 - Annuels petits test
069;24BFP800;D0Z28;D0Z28 - D0Z28-Juin S10 - Inactifs 48-60 mois test
069;24BFP800;D0Z29;D0Z29 - D0Z29-Juin S1 - Nouveaux contrôle
069;24BFP800;D0Z30;D0Z30 - D0Z30-Juin S2 - Inactifs 36-48 mois contrôle
069;24BFP800;D0Z31;D0Z31 - D0Z31-Juin S3 - Généreux contrôle
069;24BFP800;D0Z32;D0Z32 - D0Z32-Juin S4 - Fréquents moyens contrôle
069;24BFP800;D0Z33;D0Z33 - D0Z33-Juin S5 - Occasionnels moyens test
069;24BFP800;D0Z34;D0Z34 - D0Z34-Juin S6 - Annuels moyens test
069;24BFP800;D0Z35;D0Z35 - D0Z35-Juin S7 - Occasionnels petits test
069;24BFP800;D0Z36;D0Z36 - D0Z36-Juin S8 - Annuels petits test
069;24BFP800;D0Z37;D0Z37 - D0Z37-Juin S10 - Inactifs 48-60 mois test
069;24BFP800;D0Z38;D0Z38 - D0Z38-Juin Divers
069;24BFP800;D0Z39;D0Z39 - D0Z39-Juillet S1 - Nouveaux
069;24BFP800;D0Z40;D0Z40 - D0Z40-Juillet S2 - Inactifs 36-48 mois
069;24BFP800;D0Z41;D0Z41 - D0Z41-Juillet S3 - Généreux
069;24BFP800;D0Z42;D0Z42 - D0Z42-Juillet S4 - Fréquents moyens
069;24BFP800;D0Z43;D0Z43 - D0Z43-Juillet S5 - Occasionnels moyens
069;24BFP800;D0Z44;D0Z44 - D0Z44-Juillet S6 - Annuels moyens
069;24BFP800;D0Z45;D0Z45 - D0Z45-Juillet S7 - Occasionnels petits
069;24BFP800;D0Z46;D0Z46 - D0Z46-Juillet S8 - Annuels petits
069;24BFP800;D0Z47;D0Z47 - D0Z47-Juillet S10 - Inactifs 48-60 mois
069;24BFP800;D0Z48;D0Z48 - D0Z48-Juillet S1 - Nouveaux test
069;24BFP800;D0Z49;D0Z49 - D0Z49-Juillet S2 - Inactifs 36-48 mois test
069;24BFP800;D0Z50;D0Z50 - D0Z50-Juillet S3 - Généreux test
069;24BFP800;D0Z51;D0Z51 - D0Z51-Juillet S4 - Fréquents moyens test
069;24BFP800;D0Z52;D0Z52 - D0Z52-Juillet S5 - Occasionnels moyens test
069;24BFP800;D0Z53;D0Z53 - D0Z53-Juillet S6 - Annuels moyens test
069;24BFP800;D0Z54;D0Z54 - D0Z54-Juillet S7 - Occasionnels petits test
069;24BFP800;D0Z55;D0Z55 - D0Z55-Juillet S8 - Annuels petits test
069;24BFP800;D0Z56;D0Z56 - D0Z56-Juillet S10 - Inactifs 48-60 mois test
069;24BFP800;D0Z57;D0Z57 - D0Z57-Juillet S1 - Nouveaux contrôle
069;24BFP800;D0Z58;D0Z58 - D0Z58-Juillet S2 - Inactifs 36-48 mois contrôle
069;24BFP800;D0Z59;D0Z59 - D0Z59-Juillet S3 - Généreux contrôle
069;24BFP800;D0Z60;D0Z60 - D0Z60-Juillet S4 - Fréquents moyens contrôle
069;24BFP800;D0Z61;D0Z61 - D0Z61-Juillet S5 - Occasionnels moyens test
069;24BFP800;D0Z62;D0Z62 - D0Z62-Juillet S6 - Annuels moyens test
069;24BFP800;D0Z63;D0Z63 - D0Z63-Juillet S7 - Occasionnels petits test
069;24BFP800;D0Z64;D0Z64 - D0Z64-Juillet S8 - Annuels petits test
069;24BFP800;D0Z65;D0Z65 - D0Z65-Juillet S10 - Inactifs 48-60 mois test
069;24BFP800;D0Z66;D0Z66 - D0Z66-Juillet Divers
069;24BFP800;D0Z67;D0Z67 - PA Septembre S1 - Nouveaux
069;24BFP800;D0Z68;D0Z68 - PA Septembre S2 - Inactifs 36-48 mois
069;24BFP800;D0Z69;D0Z69 - PA Septembre S3 - Généreux
069;24BFP800;D0Z70;D0Z70 - PA Septembre S4 - Fréquents moyens
069;24BFP800;D0Z71;D0Z71 - PA Septembre S5 - Occasionnels moyens
069;24BFP800;D0Z72;D0Z72 - PA Septembre S6 - Annuels moyens
069;24BFP800;D0Z73;D0Z73 - PA Septembre S7 - Occasionnels petits
069;24BFP800;D0Z74;D0Z74 - PA Septembre S8 - Annuels petits
069;24BFP800;D0Z75;D0Z75 - PA Septembre S10 - Inactifs 48-60 mois
069;24BFP800;D0Z76;D0Z76 - PA Septembre Segment Vente
069;24BFP800;D0Z77;D0Z77 - PA Septembre S2 - Inactifs 36-48 mois test
069;24BFP800;D0Z78;D0Z78 - PA Septembre S3 - Généreux test
069;24BFP800;D0Z79;D0Z79 - PA Septembre S4 - Fréquents moyens test
069;24BFP800;D0Z80;D0Z80 - PA Septembre S5 - Occasionnels moyens test
069;24BFP800;D0Z81;D0Z81 - PA Septembre S6 - Annuels moyens test
069;24BFP800;D0Z82;D0Z82 - PA Septembre S7 - Occasionnels petits test
069;24BFP800;D0Z83;D0Z83 - PA Septembre S8 - Annuels petits test
069;24BFP800;D0Z84;D0Z84 - PA Septembre S10 - Inactifs 48-60 mois test
069;24BFP800;D0Z85;D0Z85 - PA Septembre S1 - Nouveaux controle
069;24BFP800;D0Z86;D0Z86 - PA Septembre S2 - Inactifs 36-48 mois controle
069;24BFP800;D0Z87;D0Z87 - PA Septembre S3 - Généreux controle
069;24BFP800;D0Z88;D0Z88 - PA Septembre S4 - Fréquents moyens controle
069;24BFP800;D0Z89;D0Z89 - PA Septembre S5 - Occasionnels moyens controle
069;24BFP800;D0Z90;D0Z90 - PA Septembre S6 - Annuels moyens controle
069;24BFP800;D0Z91;D0Z91 - PA Septembre S7 - Occasionnels petits controle
069;24BFP800;D0Z92;D0Z92 - PA Septembre S8 - Annuels petits controle
069;24BFP800;D0Z93;D0Z93 - PA Septembre S10 - Inactifs 48-60 mois contrôle
069;24BFP800;D0Z94;D0Z94 - PA Septembre - Divers
069;24BFP800;E0B33;E0B33 - DONS INTERNET - PA 2024 particuliers
069;24BFP800;E0B34;E0B34 - E0B34 PA ORIXA 2024 - TMK TALK SO
069;24BFP800;E0B35;E0B35 - E0B35 PA ORIXA 2024 - TMK TALK OR
069;24BFP800;E0B36;E0B36 - E0B36 PA ORIXA 2024 - TMK TALK RECHERCHE
069;24BFP800;E0B37;E0B37 - E0B37 PA ORIXA 2024 - TMK CTA SO
069;24BFP800;E0B38;E0B38 - E0B38 PA ORIXA 2024 - TMK CTA OR
069;24BFP800;E0B39;E0B39 - E0B39 PA ORIXA 2024 - TMK CTA RECHERCHE
069;24BFP800;E0B40;E0B40 - E0B40 PA ORIXA 2024 - PROMESSE TALK SO
069;24BFP800;E0B41;E0B41 - E0B41 PA ORIXA 2024 - PROMESSE TALK OR
069;24BFP800;E0B42;E0B42 - E0B42 PA ORIXA 2024 - PROMESSE TALK RECHERCHE
069;24BFP800;E0B43;E0B43 - E0B43 PA ORIXA 2024 - PROMESSE CTA SO
069;24BFP800;E0B44;E0B44 - E0B44 PA ORIXA 2024 - PROMESSE CTA OR
069;24BFP800;E0B45;E0B45 - E0B45 PA ORIXA 2024 - PROMESSE CTA RECHERCHE
069;24BFP800;E0D35;E0D35 - Mission SP CD49 Collecte Impact 2024
069;24BFP800;E0D56;E0D56 - Mission sites privés  2024
069;24BFP800;E0D57;E0D57 - E0D57 - Mission sites privés CD27 2024
069;24BFP800;E0E87;E0E87 - E0E87 - Réactivation Dons PA
069;24BFP800;E1B33;E1B33 - DONS INTERNET - PA 2024 entreprises
069;24BFP800;E2B33;E2B33 - DONS INTERNET - PA 2024 associations
